DEF_PRTY_2,Time,Count,C
RED,15,1,0.000932836
RED,15,2,0.001865672
RED,21,3,0.002798507
RED,21,4,0.003731343
RED,22,5,0.004664179
RED,22,6,0.005597015
RED,22,7,0.006529851
RED,22,8,0.007462687
RED,22,9,0.008395522
RED,22,10,0.009328358
RED,22,11,0.010261194
RED,22,12,0.01119403
RED,22,13,0.012126866
RED,22,14,0.013059701
RED,22.5,15,0.013992537
RED,22.5,16,0.014925373
RED,23,17,0.015858209
RED,24.5,18,0.016791045
RED,24.5,19,0.017723881
RED,25,20,0.018656716
RED,25.5,21,0.019589552
RED,25.5,22,0.020522388
RED,26.5,23,0.021455224
RED,26.5,24,0.02238806
RED,26.5,25,0.023320896
RED,26.5,26,0.024253731
RED,26.5,27,0.025186567
RED,26.5,28,0.026119403
RED,28,29,0.027052239
RED,28,30,0.027985075
RED,28,31,0.02891791
RED,28,32,0.029850746
RED,28,33,0.030783582
RED,29,34,0.031716418
RED,29,35,0.032649254
RED,30,36,0.03358209
RED,30.5,37,0.034514925
RED,30.5,38,0.035447761
RED,30.5,39,0.036380597
RED,31,40,0.037313433
RED,31.5,41,0.038246269
RED,31.5,42,0.039179104
RED,32,43,0.04011194
RED,32.5,44,0.041044776
RED,32.5,45,0.041977612
RED,33,46,0.042910448
RED,34,47,0.043843284
RED,34.5,48,0.044776119
RED,34.5,49,0.045708955
RED,34.5,50,0.046641791
RED,34.5,51,0.047574627
RED,35,52,0.048507463
RED,35,53,0.049440299
RED,35.5,54,0.050373134
RED,37,55,0.05130597
RED,37,56,0.052238806
RED,37,57,0.053171642
RED,37,58,0.054104478
RED,37,59,0.055037313
RED,38.5,60,0.055970149
RED,43,61,0.056902985
RED,43,62,0.057835821
RED,43,63,0.058768657
RED,44.5,64,0.059701493
RED,46.5,65,0.060634328
RED,47,66,0.061567164
RED,48.5,67,0.0625
RED,48.5,68,0.063432836
RED,49,69,0.064365672
RED,49.5,70,0.065298507
RED,49.5,71,0.066231343
RED,50,72,0.067164179
RED,50,73,0.068097015
RED,50.5,74,0.069029851
RED,53,75,0.069962687
RED,53,76,0.070895522
RED,53,77,0.071828358
RED,57.5,78,0.072761194
RED,57.5,79,0.07369403
RED,57.5,80,0.074626866
RED,60.5,81,0.075559701
RED,61,82,0.076492537
RED,61.5,83,0.077425373
RED,61.5,84,0.078358209
RED,62.5,85,0.079291045
RED,62.5,86,0.080223881
RED,64.5,87,0.081156716
RED,65,88,0.082089552
RED,65,89,0.083022388
RED,65,90,0.083955224
RED,66,91,0.08488806
RED,67,92,0.085820896
RED,67.5,93,0.086753731
RED,67.5,94,0.087686567
RED,68,95,0.088619403
RED,68,96,0.089552239
RED,69,97,0.090485075
RED,69,98,0.09141791
RED,69,99,0.092350746
RED,69,100,0.093283582
RED,69.5,101,0.094216418
RED,70.5,102,0.095149254
RED,71,103,0.09608209
RED,71.5,104,0.097014925
RED,71.5,105,0.097947761
RED,71.5,106,0.098880597
RED,71.5,107,0.099813433
RED,71.5,108,0.100746269
RED,71.5,109,0.101679104
RED,72,110,0.10261194
RED,72.5,111,0.103544776
RED,73.5,112,0.104477612
RED,73.5,113,0.105410448
RED,74.5,114,0.106343284
RED,75,115,0.107276119
RED,75,116,0.108208955
RED,75,117,0.109141791
RED,75.5,118,0.110074627
RED,76.5,119,0.111007463
RED,78.5,120,0.111940299
RED,80,121,0.112873134
RED,80,122,0.11380597
RED,80,123,0.114738806
RED,80,124,0.115671642
RED,80,125,0.116604478
RED,80,126,0.117537313
RED,80,127,0.118470149
RED,82,128,0.119402985
RED,83.5,129,0.120335821
RED,83.5,130,0.121268657
RED,83.5,131,0.122201493
RED,84,132,0.123134328
RED,84.5,133,0.124067164
RED,85.5,134,0.125
RED,86,135,0.125932836
RED,86,136,0.126865672
RED,86.5,137,0.127798507
RED,86.5,138,0.128731343
RED,87.5,139,0.129664179
RED,90,140,0.130597015
RED,90,141,0.131529851
RED,90,142,0.132462687
RED,90.5,143,0.133395522
RED,91.5,144,0.134328358
RED,92,145,0.135261194
RED,92,146,0.13619403
RED,93,147,0.137126866
RED,93,148,0.138059701
RED,93.5,149,0.138992537
RED,93.5,150,0.139925373
RED,93.5,151,0.140858209
RED,93.5,152,0.141791045
RED,94,153,0.142723881
RED,94,154,0.143656716
RED,94.5,155,0.144589552
RED,95,156,0.145522388
RED,95.5,157,0.146455224
RED,95.5,158,0.14738806
RED,97.5,159,0.148320896
RED,98,160,0.149253731
RED,98.5,161,0.150186567
RED,98.5,162,0.151119403
RED,98.5,163,0.152052239
RED,98.5,164,0.152985075
RED,99,165,0.15391791
RED,100.5,166,0.154850746
RED,102,167,0.155783582
RED,102,168,0.156716418
RED,102,169,0.157649254
RED,102.5,170,0.15858209
RED,102.5,171,0.159514925
RED,102.5,172,0.160447761
RED,103,173,0.161380597
RED,103.5,174,0.162313433
RED,103.5,175,0.163246269
RED,103.5,176,0.164179104
RED,105,177,0.16511194
RED,105,178,0.166044776
RED,105.5,179,0.166977612
RED,105.5,180,0.167910448
RED,105.5,181,0.168843284
RED,107.5,182,0.169776119
RED,107.5,183,0.170708955
RED,108,184,0.171641791
RED,110,185,0.172574627
RED,110,186,0.173507463
RED,110,187,0.174440299
RED,110.5,188,0.175373134
RED,110.5,189,0.17630597
RED,111,190,0.177238806
RED,111,191,0.178171642
RED,111,192,0.179104478
RED,111,193,0.180037313
RED,113.5,194,0.180970149
RED,113.5,195,0.181902985
RED,113.5,196,0.182835821
RED,113.5,197,0.183768657
RED,113.5,198,0.184701493
RED,113.5,199,0.185634328
RED,113.5,200,0.186567164
RED,113.5,201,0.1875
RED,114,202,0.188432836
RED,114.5,203,0.189365672
RED,114.5,204,0.190298507
RED,114.5,205,0.191231343
RED,114.5,206,0.192164179
RED,116.5,207,0.193097015
RED,116.5,208,0.194029851
RED,117.5,209,0.194962687
RED,118,210,0.195895522
RED,118,211,0.196828358
RED,118,212,0.197761194
RED,118,213,0.19869403
RED,118,214,0.199626866
RED,118.5,215,0.200559701
RED,118.5,216,0.201492537
RED,119.5,217,0.202425373
RED,119.5,218,0.203358209
RED,120.5,219,0.204291045
RED,120.5,220,0.205223881
RED,120.5,221,0.206156716
RED,120.5,222,0.207089552
RED,121,223,0.208022388
RED,121,224,0.208955224
RED,121,225,0.20988806
RED,121,226,0.210820896
RED,121,227,0.211753731
RED,121,228,0.212686567
RED,121.5,229,0.213619403
RED,122,230,0.214552239
RED,122.5,231,0.215485075
RED,122.5,232,0.21641791
RED,124,233,0.217350746
RED,125.5,234,0.218283582
RED,126,235,0.219216418
RED,126.5,236,0.220149254
RED,127,237,0.22108209
RED,127,238,0.222014925
RED,127.5,239,0.222947761
RED,127.5,240,0.223880597
RED,128,241,0.224813433
RED,128,242,0.225746269
RED,128,243,0.226679104
RED,128.5,244,0.22761194
RED,128.5,245,0.228544776
RED,128.5,246,0.229477612
RED,130,247,0.230410448
RED,130,248,0.231343284
RED,130,249,0.232276119
RED,131,250,0.233208955
RED,131,251,0.234141791
RED,131,252,0.235074627
RED,131,253,0.236007463
RED,131.5,254,0.236940299
RED,132,255,0.237873134
RED,132.5,256,0.23880597
RED,132.5,257,0.239738806
RED,133,258,0.240671642
RED,133.5,259,0.241604478
RED,134.5,260,0.242537313
RED,134.5,261,0.243470149
RED,136,262,0.244402985
RED,138.5,263,0.245335821
RED,138.5,264,0.246268657
RED,138.5,265,0.247201493
RED,138.5,266,0.248134328
RED,139.5,267,0.249067164
RED,139.5,268,0.25
RED,140.5,269,0.250932836
RED,141,270,0.251865672
RED,141,271,0.252798507
RED,142,272,0.253731343
RED,142.5,273,0.254664179
RED,143,274,0.255597015
RED,143,275,0.256529851
RED,143,276,0.257462687
RED,143,277,0.258395522
RED,143,278,0.259328358
RED,143,279,0.260261194
RED,144.5,280,0.26119403
RED,145,281,0.262126866
RED,145,282,0.263059701
RED,145,283,0.263992537
RED,146.5,284,0.264925373
RED,146.5,285,0.265858209
RED,146.5,286,0.266791045
RED,148,287,0.267723881
RED,148,288,0.268656716
RED,148,289,0.269589552
RED,148.5,290,0.270522388
RED,148.5,291,0.271455224
RED,148.5,292,0.27238806
RED,149,293,0.273320896
RED,149,294,0.274253731
RED,149.5,295,0.275186567
RED,149.5,296,0.276119403
RED,150,297,0.277052239
RED,152,298,0.277985075
RED,152.5,299,0.27891791
RED,153,300,0.279850746
RED,153.5,301,0.280783582
RED,155.5,302,0.281716418
RED,155.5,303,0.282649254
RED,156.5,304,0.28358209
RED,156.5,305,0.284514925
RED,157,306,0.285447761
RED,157.5,307,0.286380597
RED,158,308,0.287313433
RED,158.5,309,0.288246269
RED,159,310,0.289179104
RED,160,311,0.29011194
RED,161,312,0.291044776
RED,164,313,0.291977612
RED,165,314,0.292910448
RED,166,315,0.293843284
RED,166.5,316,0.294776119
RED,166.5,317,0.295708955
RED,167.5,318,0.296641791
RED,167.5,319,0.297574627
RED,168,320,0.298507463
RED,168.5,321,0.299440299
RED,169,322,0.300373134
RED,169,323,0.30130597
RED,169.5,324,0.302238806
RED,170.5,325,0.303171642
RED,171,326,0.304104478
RED,171.5,327,0.305037313
RED,171.5,328,0.305970149
RED,171.5,329,0.306902985
RED,173.5,330,0.307835821
RED,173.5,331,0.308768657
RED,173.5,332,0.309701493
RED,175,333,0.310634328
RED,175,334,0.311567164
RED,175.5,335,0.3125
RED,176,336,0.313432836
RED,176.5,337,0.314365672
RED,177,338,0.315298507
RED,177,339,0.316231343
RED,177.5,340,0.317164179
RED,177.5,341,0.318097015
RED,177.5,342,0.319029851
RED,178,343,0.319962687
RED,178,344,0.320895522
RED,180,345,0.321828358
RED,181.5,346,0.322761194
RED,181.5,347,0.32369403
RED,182,348,0.324626866
RED,182.5,349,0.325559701
RED,182.5,350,0.326492537
RED,182.5,351,0.327425373
RED,183.5,352,0.328358209
RED,183.5,353,0.329291045
RED,183.5,354,0.330223881
RED,184.5,355,0.331156716
RED,185,356,0.332089552
RED,185.5,357,0.333022388
RED,186,358,0.333955224
RED,186,359,0.33488806
RED,187,360,0.335820896
RED,187.5,361,0.336753731
RED,188.5,362,0.337686567
RED,189.5,363,0.338619403
RED,190,364,0.339552239
RED,190,365,0.340485075
RED,190,366,0.34141791
RED,191.5,367,0.342350746
RED,191.5,368,0.343283582
RED,191.5,369,0.344216418
RED,191.5,370,0.345149254
RED,192,371,0.34608209
RED,192,372,0.347014925
RED,192.5,373,0.347947761
RED,193,374,0.348880597
RED,193,375,0.349813433
RED,193,376,0.350746269
RED,193,377,0.351679104
RED,193,378,0.35261194
RED,194,379,0.353544776
RED,194.5,380,0.354477612
RED,195,381,0.355410448
RED,195,382,0.356343284
RED,195,383,0.357276119
RED,195,384,0.358208955
RED,195.5,385,0.359141791
RED,196,386,0.360074627
RED,197,387,0.361007463
RED,197,388,0.361940299
RED,197,389,0.362873134
RED,200,390,0.36380597
RED,200,391,0.364738806
RED,201,392,0.365671642
RED,201.5,393,0.366604478
RED,201.5,394,0.367537313
RED,202.5,395,0.368470149
RED,203.5,396,0.369402985
RED,204.5,397,0.370335821
RED,204.5,398,0.371268657
RED,205.5,399,0.372201493
RED,205.5,400,0.373134328
RED,206,401,0.374067164
RED,208,402,0.375
RED,208.5,403,0.375932836
RED,208.5,404,0.376865672
RED,209.5,405,0.377798507
RED,211,406,0.378731343
RED,211.5,407,0.379664179
RED,211.5,408,0.380597015
RED,212.5,409,0.381529851
RED,214.5,410,0.382462687
RED,215,411,0.383395522
RED,216.5,412,0.384328358
RED,217.5,413,0.385261194
RED,219,414,0.38619403
RED,219.5,415,0.387126866
RED,220.5,416,0.388059701
RED,221.5,417,0.388992537
RED,222,418,0.389925373
RED,222.5,419,0.390858209
RED,222.5,420,0.391791045
RED,223.5,421,0.392723881
RED,224,422,0.393656716
RED,224.5,423,0.394589552
RED,224.5,424,0.395522388
RED,225,425,0.396455224
RED,226,426,0.39738806
RED,226.5,427,0.398320896
RED,227,428,0.399253731
RED,227.5,429,0.400186567
RED,227.5,430,0.401119403
RED,227.5,431,0.402052239
RED,229,432,0.402985075
RED,229,433,0.40391791
RED,230,434,0.404850746
RED,231.5,435,0.405783582
RED,232,436,0.406716418
RED,232.5,437,0.407649254
RED,232.5,438,0.40858209
RED,233,439,0.409514925
RED,233,440,0.410447761
RED,233,441,0.411380597
RED,233,442,0.412313433
RED,233,443,0.413246269
RED,233.5,444,0.414179104
RED,233.5,445,0.41511194
RED,236.5,446,0.416044776
RED,239.5,447,0.416977612
RED,239.5,448,0.417910448
RED,240.5,449,0.418843284
RED,241.5,450,0.419776119
RED,241.5,451,0.420708955
RED,242,452,0.421641791
RED,242.5,453,0.422574627
RED,242.5,454,0.423507463
RED,243,455,0.424440299
RED,243.5,456,0.425373134
RED,244.5,457,0.42630597
RED,244.5,458,0.427238806
RED,244.5,459,0.428171642
RED,244.5,460,0.429104478
RED,244.5,461,0.430037313
RED,244.5,462,0.430970149
RED,244.5,463,0.431902985
RED,244.5,464,0.432835821
RED,244.5,465,0.433768657
RED,244.5,466,0.434701493
RED,244.5,467,0.435634328
RED,247,468,0.436567164
RED,248,469,0.4375
RED,250,470,0.438432836
RED,250,471,0.439365672
RED,251.5,472,0.440298507
RED,251.5,473,0.441231343
RED,252,474,0.442164179
RED,252.5,475,0.443097015
RED,253.5,476,0.444029851
RED,254,477,0.444962687
RED,256,478,0.445895522
RED,257,479,0.446828358
RED,258,480,0.447761194
RED,258.5,481,0.44869403
RED,258.5,482,0.449626866
RED,258.5,483,0.450559701
RED,259,484,0.451492537
RED,259.5,485,0.452425373
RED,260,486,0.453358209
RED,260,487,0.454291045
RED,260,488,0.455223881
RED,260,489,0.456156716
RED,260.5,490,0.457089552
RED,262.5,491,0.458022388
RED,262.5,492,0.458955224
RED,262.5,493,0.45988806
RED,263,494,0.460820896
RED,266.5,495,0.461753731
RED,266.5,496,0.462686567
RED,267,497,0.463619403
RED,267.5,498,0.464552239
RED,267.5,499,0.465485075
RED,268,500,0.46641791
RED,268,501,0.467350746
RED,268,502,0.468283582
RED,268.5,503,0.469216418
RED,268.5,504,0.470149254
RED,268.5,505,0.47108209
RED,268.5,506,0.472014925
RED,269,507,0.472947761
RED,269.5,508,0.473880597
RED,270.5,509,0.474813433
RED,270.5,510,0.475746269
RED,271,511,0.476679104
RED,271.5,512,0.47761194
RED,271.5,513,0.478544776
RED,272.5,514,0.479477612
RED,272.5,515,0.480410448
RED,272.5,516,0.481343284
RED,273.5,517,0.482276119
RED,273.5,518,0.483208955
RED,273.5,519,0.484141791
RED,273.5,520,0.485074627
RED,276,521,0.486007463
RED,278,522,0.486940299
RED,278,523,0.487873134
RED,278,524,0.48880597
RED,280.5,525,0.489738806
RED,281,526,0.490671642
RED,284,527,0.491604478
RED,284.5,528,0.492537313
RED,284.5,529,0.493470149
RED,285,530,0.494402985
RED,285.5,531,0.495335821
RED,286,532,0.496268657
RED,286,533,0.497201493
RED,287.5,534,0.498134328
RED,287.5,535,0.499067164
RED,287.5,536,0.5
RED,287.5,537,0.500932836
RED,289,538,0.501865672
RED,292.5,539,0.502798507
RED,295.5,540,0.503731343
RED,296,541,0.504664179
RED,297,542,0.505597015
RED,297,543,0.506529851
RED,297,544,0.507462687
RED,297,545,0.508395522
RED,297.5,546,0.509328358
RED,297.5,547,0.510261194
RED,297.5,548,0.51119403
RED,298,549,0.512126866
RED,299.5,550,0.513059701
RED,300.5,551,0.513992537
RED,300.5,552,0.514925373
RED,300.5,553,0.515858209
RED,300.5,554,0.516791045
RED,301.5,555,0.517723881
RED,302,556,0.518656716
RED,304,557,0.519589552
RED,305.5,558,0.520522388
RED,305.5,559,0.521455224
RED,306,560,0.52238806
RED,306,561,0.523320896
RED,308.5,562,0.524253731
RED,309.5,563,0.525186567
RED,309.5,564,0.526119403
RED,309.5,565,0.527052239
RED,309.5,566,0.527985075
RED,312,567,0.52891791
RED,313.5,568,0.529850746
RED,314.5,569,0.530783582
RED,315.5,570,0.531716418
RED,315.5,571,0.532649254
RED,315.5,572,0.53358209
RED,315.5,573,0.534514925
RED,316.5,574,0.535447761
RED,316.5,575,0.536380597
RED,316.5,576,0.537313433
RED,316.5,577,0.538246269
RED,316.5,578,0.539179104
RED,317.5,579,0.54011194
RED,317.5,580,0.541044776
RED,318.5,581,0.541977612
RED,321.5,582,0.542910448
RED,321.5,583,0.543843284
RED,321.5,584,0.544776119
RED,323.5,585,0.545708955
RED,323.5,586,0.546641791
RED,324,587,0.547574627
RED,324.5,588,0.548507463
RED,324.5,589,0.549440299
RED,324.5,590,0.550373134
RED,324.5,591,0.55130597
RED,325,592,0.552238806
RED,325,593,0.553171642
RED,325,594,0.554104478
RED,326.5,595,0.555037313
RED,327,596,0.555970149
RED,327.5,597,0.556902985
RED,328,598,0.557835821
RED,329,599,0.558768657
RED,330,600,0.559701493
RED,330.5,601,0.560634328
RED,330.5,602,0.561567164
RED,330.5,603,0.5625
RED,330.5,604,0.563432836
RED,331,605,0.564365672
RED,331,606,0.565298507
RED,331,607,0.566231343
RED,332,608,0.567164179
RED,334.5,609,0.568097015
RED,335.5,610,0.569029851
RED,335.5,611,0.569962687
RED,335.5,612,0.570895522
RED,335.5,613,0.571828358
RED,343,614,0.572761194
RED,344,615,0.57369403
RED,344.5,616,0.574626866
RED,344.5,617,0.575559701
RED,344.5,618,0.576492537
RED,345,619,0.577425373
RED,345,620,0.578358209
RED,345,621,0.579291045
RED,345,622,0.580223881
RED,346.5,623,0.581156716
RED,346.5,624,0.582089552
RED,347,625,0.583022388
RED,347.5,626,0.583955224
RED,347.5,627,0.58488806
RED,348.5,628,0.585820896
RED,349.5,629,0.586753731
RED,350.5,630,0.587686567
RED,350.5,631,0.588619403
RED,350.5,632,0.589552239
RED,350.5,633,0.590485075
RED,352,634,0.59141791
RED,352.5,635,0.592350746
RED,353.5,636,0.593283582
RED,353.5,637,0.594216418
RED,356,638,0.595149254
RED,357.5,639,0.59608209
RED,357.5,640,0.597014925
RED,357.5,641,0.597947761
RED,357.5,642,0.598880597
RED,357.5,643,0.599813433
RED,357.5,644,0.600746269
RED,357.5,645,0.601679104
RED,358,646,0.60261194
RED,358,647,0.603544776
RED,358,648,0.604477612
RED,360,649,0.605410448
RED,360.5,650,0.606343284
RED,360.5,651,0.607276119
RED,361,652,0.608208955
RED,361,653,0.609141791
RED,361.5,654,0.610074627
RED,361.5,655,0.611007463
RED,365,656,0.611940299
RED,365.5,657,0.612873134
RED,367,658,0.61380597
RED,368.5,659,0.614738806
RED,373.5,660,0.615671642
RED,373.5,661,0.616604478
RED,374.5,662,0.617537313
RED,374.5,663,0.618470149
RED,374.5,664,0.619402985
RED,374.5,665,0.620335821
RED,374.5,666,0.621268657
RED,375.5,667,0.622201493
RED,376,668,0.623134328
RED,377.5,669,0.624067164
RED,377.5,670,0.625
RED,377.5,671,0.625932836
RED,377.5,672,0.626865672
RED,378,673,0.627798507
RED,380.5,674,0.628731343
RED,381,675,0.629664179
RED,382.5,676,0.630597015
RED,382.5,677,0.631529851
RED,383.5,678,0.632462687
RED,383.5,679,0.633395522
RED,383.5,680,0.634328358
RED,383.5,681,0.635261194
RED,384.5,682,0.63619403
RED,385.5,683,0.637126866
RED,387,684,0.638059701
RED,387.5,685,0.638992537
RED,388.5,686,0.639925373
RED,388.5,687,0.640858209
RED,388.5,688,0.641791045
RED,389,689,0.642723881
RED,389,690,0.643656716
RED,390.5,691,0.644589552
RED,391,692,0.645522388
RED,391.5,693,0.646455224
RED,393.5,694,0.64738806
RED,394,695,0.648320896
RED,394,696,0.649253731
RED,394,697,0.650186567
RED,395.5,698,0.651119403
RED,395.5,699,0.652052239
RED,396,700,0.652985075
RED,397,701,0.65391791
RED,402.5,702,0.654850746
RED,402.5,703,0.655783582
RED,402.5,704,0.656716418
RED,404.5,705,0.657649254
RED,406,706,0.65858209
RED,406,707,0.659514925
RED,407.5,708,0.660447761
RED,410,709,0.661380597
RED,410.5,710,0.662313433
RED,411,711,0.663246269
RED,412.5,712,0.664179104
RED,412.5,713,0.66511194
RED,417,714,0.666044776
RED,422.5,715,0.666977612
RED,422.5,716,0.667910448
RED,425,717,0.668843284
RED,426.5,718,0.669776119
RED,429.5,719,0.670708955
RED,429.5,720,0.671641791
RED,429.5,721,0.672574627
RED,430,722,0.673507463
RED,432,723,0.674440299
RED,432,724,0.675373134
RED,432.5,725,0.67630597
RED,432.5,726,0.677238806
RED,432.5,727,0.678171642
RED,435,728,0.679104478
RED,436,729,0.680037313
RED,446,730,0.680970149
RED,447.5,731,0.681902985
RED,448,732,0.682835821
RED,449,733,0.683768657
RED,450.5,734,0.684701493
RED,451,735,0.685634328
RED,453.5,736,0.686567164
RED,454,737,0.6875
RED,456.5,738,0.688432836
RED,457.5,739,0.689365672
RED,460,740,0.690298507
RED,463.5,741,0.691231343
RED,466,742,0.692164179
RED,466.5,743,0.693097015
RED,466.5,744,0.694029851
RED,466.5,745,0.694962687
RED,468,746,0.695895522
RED,469.5,747,0.696828358
RED,470.5,748,0.697761194
RED,470.5,749,0.69869403
RED,471,750,0.699626866
RED,471.5,751,0.700559701
RED,475,752,0.701492537
RED,475.5,753,0.702425373
RED,475.5,754,0.703358209
RED,478,755,0.704291045
RED,479.5,756,0.705223881
RED,480,757,0.706156716
RED,485.5,758,0.707089552
RED,490,759,0.708022388
RED,497,760,0.708955224
RED,501,761,0.70988806
RED,503.5,762,0.710820896
RED,503.5,763,0.711753731
RED,508.5,764,0.712686567
RED,509,765,0.713619403
RED,510,766,0.714552239
RED,513.5,767,0.715485075
RED,515,768,0.71641791
RED,516,769,0.717350746
RED,516.5,770,0.718283582
RED,518,771,0.719216418
RED,534.5,772,0.720149254
RED,534.5,773,0.72108209
RED,536.5,774,0.722014925
RED,537,775,0.722947761
RED,538.5,776,0.723880597
RED,539.5,777,0.724813433
RED,540,778,0.725746269
RED,540,779,0.726679104
RED,547,780,0.72761194
RED,547,781,0.728544776
RED,548.5,782,0.729477612
RED,551.5,783,0.730410448
RED,555.5,784,0.731343284
RED,562,785,0.732276119
RED,566.5,786,0.733208955
RED,571.5,787,0.734141791
RED,571.5,788,0.735074627
RED,572.5,789,0.736007463
RED,575,790,0.736940299
RED,581,791,0.737873134
RED,582,792,0.73880597
RED,584,793,0.739738806
RED,594,794,0.740671642
RED,596,795,0.741604478
RED,600.5,796,0.742537313
RED,601,797,0.743470149
RED,601.5,798,0.744402985
RED,604,799,0.745335821
RED,604.5,800,0.746268657
RED,607.5,801,0.747201493
RED,612.5,802,0.748134328
RED,613,803,0.749067164
RED,620.5,804,0.75
RED,621.5,805,0.750932836
RED,624,806,0.751865672
RED,626.5,807,0.752798507
RED,631,808,0.753731343
RED,631,809,0.754664179
RED,631,810,0.755597015
RED,634,811,0.756529851
RED,634,812,0.757462687
RED,636.5,813,0.758395522
RED,638.5,814,0.759328358
RED,640.5,815,0.760261194
RED,640.5,816,0.76119403
RED,642.5,817,0.762126866
RED,645,818,0.763059701
RED,646,819,0.763992537
RED,649.5,820,0.764925373
RED,651.5,821,0.765858209
RED,653,822,0.766791045
RED,654.5,823,0.767723881
RED,655,824,0.768656716
RED,659,825,0.769589552
RED,659,826,0.770522388
RED,661.5,827,0.771455224
RED,663.5,828,0.77238806
RED,664.5,829,0.773320896
RED,667,830,0.774253731
RED,671.5,831,0.775186567
RED,673.5,832,0.776119403
RED,673.5,833,0.777052239
RED,680.5,834,0.777985075
RED,680.5,835,0.77891791
RED,680.5,836,0.779850746
RED,680.5,837,0.780783582
RED,680.5,838,0.781716418
RED,680.5,839,0.782649254
RED,680.5,840,0.78358209
RED,691,841,0.784514925
RED,691,842,0.785447761
RED,691.5,843,0.786380597
RED,694.5,844,0.787313433
RED,694.5,845,0.788246269
RED,695,846,0.789179104
RED,695.5,847,0.79011194
RED,695.5,848,0.791044776
RED,697.5,849,0.791977612
RED,698.5,850,0.792910448
RED,701,851,0.793843284
RED,701,852,0.794776119
RED,701,853,0.795708955
RED,701.5,854,0.796641791
RED,702,855,0.797574627
RED,704,856,0.798507463
RED,707.5,857,0.799440299
RED,708,858,0.800373134
RED,709,859,0.80130597
RED,709,860,0.802238806
RED,709,861,0.803171642
RED,709,862,0.804104478
RED,709,863,0.805037313
RED,709,864,0.805970149
RED,709,865,0.806902985
RED,709,866,0.807835821
RED,709,867,0.808768657
RED,709.5,868,0.809701493
RED,710,869,0.810634328
RED,712.5,870,0.811567164
RED,713.5,871,0.8125
RED,714,872,0.813432836
RED,714,873,0.814365672
RED,716,874,0.815298507
RED,716,875,0.816231343
RED,716,876,0.817164179
RED,716,877,0.818097015
RED,716,878,0.819029851
RED,716,879,0.819962687
RED,716.5,880,0.820895522
RED,717.5,881,0.821828358
RED,719,882,0.822761194
RED,719.5,883,0.82369403
RED,720.5,884,0.824626866
RED,721,885,0.825559701
RED,721.5,886,0.826492537
RED,721.5,887,0.827425373
RED,724.5,888,0.828358209
RED,725,889,0.829291045
RED,727.5,890,0.830223881
RED,731.5,891,0.831156716
RED,732.5,892,0.832089552
RED,732.5,893,0.833022388
RED,734.5,894,0.833955224
RED,735,895,0.83488806
RED,735,896,0.835820896
RED,737,897,0.836753731
RED,737,898,0.837686567
RED,737.5,899,0.838619403
RED,737.5,900,0.839552239
RED,737.5,901,0.840485075
RED,738,902,0.84141791
RED,738.5,903,0.842350746
RED,740.5,904,0.843283582
RED,742.5,905,0.844216418
RED,744,906,0.845149254
RED,748,907,0.84608209
RED,751.5,908,0.847014925
RED,752.5,909,0.847947761
RED,753.5,910,0.848880597
RED,755.5,911,0.849813433
RED,757.5,912,0.850746269
RED,758,913,0.851679104
RED,758.5,914,0.85261194
RED,758.5,915,0.853544776
RED,759,916,0.854477612
RED,760,917,0.855410448
RED,772,918,0.856343284
RED,778.5,919,0.857276119
RED,781.5,920,0.858208955
RED,783,921,0.859141791
RED,786.5,922,0.860074627
RED,791,923,0.861007463
RED,794,924,0.861940299
RED,794.5,925,0.862873134
RED,800.5,926,0.86380597
RED,803,927,0.864738806
RED,803,928,0.865671642
RED,807.5,929,0.866604478
RED,823,930,0.867537313
RED,824.5,931,0.868470149
RED,827,932,0.869402985
RED,829.5,933,0.870335821
RED,830.5,934,0.871268657
RED,832.5,935,0.872201493
RED,842,936,0.873134328
RED,843,937,0.874067164
RED,844.5,938,0.875
RED,855.5,939,0.875932836
RED,856,940,0.876865672
RED,859.5,941,0.877798507
RED,859.5,942,0.878731343
RED,860.5,943,0.879664179
RED,865.5,944,0.880597015
RED,867,945,0.881529851
RED,873.5,946,0.882462687
RED,877,947,0.883395522
RED,877.5,948,0.884328358
RED,880,949,0.885261194
RED,881.5,950,0.88619403
RED,887,951,0.887126866
RED,888.5,952,0.888059701
RED,892,953,0.888992537
RED,895,954,0.889925373
RED,896.5,955,0.890858209
RED,898,956,0.891791045
RED,902.5,957,0.892723881
RED,904.5,958,0.893656716
RED,906,959,0.894589552
RED,914.5,960,0.895522388
RED,919.5,961,0.896455224
RED,921,962,0.89738806
RED,925.5,963,0.898320896
RED,930,964,0.899253731
RED,942.5,965,0.900186567
RED,949.5,966,0.901119403
RED,951.5,967,0.902052239
RED,957.5,968,0.902985075
RED,958.5,969,0.90391791
RED,966.5,970,0.904850746
RED,967.5,971,0.905783582
RED,967.5,972,0.906716418
RED,981.5,973,0.907649254
RED,981.5,974,0.90858209
RED,986,975,0.909514925
RED,1003,976,0.910447761
RED,1003.5,977,0.911380597
RED,1003.5,978,0.912313433
RED,1005,979,0.913246269
RED,1006.5,980,0.914179104
RED,1009.5,981,0.91511194
RED,1009.5,982,0.916044776
RED,1010.5,983,0.916977612
RED,1016,984,0.917910448
RED,1022.5,985,0.918843284
RED,1025,986,0.919776119
RED,1025,987,0.920708955
RED,1028.5,988,0.921641791
RED,1041.5,989,0.922574627
RED,1042,990,0.923507463
RED,1044.5,991,0.924440299
RED,1044.5,992,0.925373134
RED,1044.5,993,0.92630597
RED,1053.5,994,0.927238806
RED,1061.5,995,0.928171642
RED,1078.5,996,0.929104478
RED,1080.5,997,0.930037313
RED,1081,998,0.930970149
RED,1084.5,999,0.931902985
RED,1085.5,1000,0.932835821
RED,1086.5,1001,0.933768657
RED,1087.5,1002,0.934701493
RED,1104.5,1003,0.935634328
RED,1121,1004,0.936567164
RED,1138.5,1005,0.9375
RED,1155.5,1006,0.938432836
RED,1155.5,1007,0.939365672
RED,1156.5,1008,0.940298507
RED,1160.5,1009,0.941231343
RED,1162,1010,0.942164179
RED,1172.5,1011,0.943097015
RED,1175.5,1012,0.944029851
RED,1178,1013,0.944962687
RED,1178,1014,0.945895522
RED,1179.5,1015,0.946828358
RED,1179.5,1016,0.947761194
RED,1186.5,1017,0.94869403
RED,1192.5,1018,0.949626866
RED,1198,1019,0.950559701
RED,1216.5,1020,0.951492537
RED,1229.5,1021,0.952425373
RED,1232,1022,0.953358209
RED,1244,1023,0.954291045
RED,1252.5,1024,0.955223881
RED,1257,1025,0.956156716
RED,1257,1026,0.957089552
RED,1265,1027,0.958022388
RED,1266.5,1028,0.958955224
RED,1284.5,1029,0.95988806
RED,1285,1030,0.960820896
RED,1288.5,1031,0.961753731
RED,1290,1032,0.962686567
RED,1293,1033,0.963619403
RED,1303,1034,0.964552239
RED,1325.5,1035,0.965485075
RED,1326.5,1036,0.96641791
RED,1331.5,1037,0.967350746
RED,1332.5,1038,0.968283582
RED,1333.5,1039,0.969216418
RED,1342.5,1040,0.970149254
RED,1371,1041,0.97108209
RED,1396,1042,0.972014925
RED,1399,1043,0.972947761
RED,1424.5,1044,0.973880597
RED,1439,1045,0.974813433
RED,1439,1046,0.975746269
RED,1444,1047,0.976679104
RED,1448,1048,0.97761194
RED,1476.5,1049,0.978544776
RED,1477.5,1050,0.979477612
RED,1485,1051,0.980410448
RED,1491,1052,0.981343284
RED,1698.5,1053,0.982276119
RED,1739.5,1054,0.983208955
RED,1740.5,1055,0.984141791
RED,1749.5,1056,0.985074627
RED,1774.5,1057,0.986007463
RED,1777.5,1058,0.986940299
RED,1783,1059,0.987873134
RED,1799.5,1060,0.98880597
RED,1837.5,1061,0.989738806
RED,1864.5,1062,0.990671642
RED,1874,1063,0.991604478
RED,1902.5,1064,0.992537313
RED,1909,1065,0.993470149
RED,1947,1066,0.994402985
RED,1964,1067,0.995335821
RED,2036,1068,0.996268657
RED,2120.5,1069,0.997201493
RED,2164,1070,0.998134328
RED,2227.5,1071,0.999067164
RED,2241.5,1072,1
